,抽選会,抽選日付,本数字1,本数字2,本数字3,本数字4,本数字5,B数字,セット
0,第1回,1999-04-13,1,3,17,20,25,26,A
1,第2回,1999-04-27,2,11,12,21,30,28,B
2,第3回,1999-05-11,1,8,10,24,30,28,E
3,第4回,1999-05-25,11,12,14,20,31,29,C
4,第5回,1999-06-08,8,9,15,21,25,23,D
5,第6回,1999-06-22,2,11,16,24,29,4,I
6,第7回,1999-07-06,3,24,25,26,31,2,F
7,第8回,1999-07-20,22,24,25,28,30,21,G
8,第9回,1999-08-03,2,11,12,13,28,15,J
9,第10回,1999-08-17,8,19,21,23,30,5,H
10,第11回,1999-08-31,17,18,19,20,30,31,F
11,第12回,1999-09-14,5,9,13,16,19,21,A
12,第13回,1999-09-28,6,11,18,25,28,20,J
13,第14回,1999-10-05,2,21,24,26,29,28,E
14,第15回,1999-10-12,6,8,17,23,24,22,B
15,第16回,1999-10-19,2,20,24,26,27,23,D
16,第17回,1999-10-26,10,18,20,25,27,1,C
17,第18回,1999-11-02,1,14,16,23,25,27,I
18,第19回,1999-11-09,2,9,10,22,27,1,G
19,第20回,1999-11-16,14,20,22,25,30,15,H
20,第21回,1999-11-23,3,15,22,25,31,6,A
21,第22回,1999-11-30,4,6,26,28,30,14,D
22,第23回,1999-12-07,2,13,18,22,26,15,B
23,第24回,1999-12-14,12,14,19,26,28,15,J
24,第25回,1999-12-21,2,3,7,18,29,15,F
25,第26回,1999-12-28,7,8,9,14,15,4,C
26,第27回,2000-01-04,10,16,20,21,31,14,H
27,第28回,2000-01-11,2,9,15,22,29,11,I
28,第29回,2000-01-18,9,12,17,26,31,15,E
29,第30回,2000-01-25,10,15,17,18,30,16,G
30,第31回,2000-02-01,14,20,21,24,28,17,A
31,第32回,2000-02-08,2,11,13,16,24,20,J
32,第33回,2000-02-15,2,3,8,9,30,23,B
33,第34回,2000-02-22,4,9,18,28,29,12,C
34,第35回,2000-02-29,10,11,18,24,26,29,F
35,第36回,2000-03-07,4,8,15,16,21,25,D
36,第37回,2000-03-14,6,7,10,16,31,20,E
37,第38回,2000-03-21,11,16,17,19,31,4,A
38,第39回,2000-03-28,1,9,15,26,30,11,H
39,第40回,2000-04-04,4,16,24,25,27,5,I
40,第41回,2000-04-11,10,16,19,22,26,29,A
41,第42回,2000-04-18,2,5,19,24,31,28,G
42,第43回,2000-04-25,3,6,11,16,30,5,H
43,第44回,2000-05-02,5,18,20,25,27,11,B
44,第45回,2000-05-09,7,13,19,24,26,11,E
45,第46回,2000-05-16,2,10,22,23,26,6,C
46,第47回,2000-05-23,2,6,8,17,29,10,F
47,第48回,2000-05-30,2,9,11,13,31,18,D
48,第49回,2000-06-06,10,13,14,23,25,12,B
49,第50回,2000-06-13,4,5,6,8,10,26,H
50,第51回,2000-06-20,5,7,15,16,31,2,A
51,第52回,2000-06-27,4,10,12,26,31,20,D
52,第53回,2000-07-04,4,13,14,15,17,30,E
53,第54回,2000-07-11,4,5,15,18,21,16,C
54,第55回,2000-07-18,4,10,11,18,31,3,F
55,第56回,2000-07-25,1,3,7,10,27,16,I
56,第57回,2000-08-01,3,21,23,27,29,13,B
57,第58回,2000-08-08,1,2,4,10,24,20,D
58,第59回,2000-08-15,9,15,20,21,22,10,I
59,第60回,2000-08-22,16,17,22,23,26,30,E
60,第61回,2000-08-29,9,23,24,29,30,5,B
61,第62回,2000-09-05,5,10,13,17,29,6,H
62,第63回,2000-09-12,3,5,6,22,28,1,C
63,第64回,2000-09-19,5,10,11,12,23,15,D
64,第65回,2000-09-26,8,9,10,17,23,15,F
65,第66回,2000-10-03,5,6,12,17,20,1,E
66,第67回,2000-10-10,4,5,8,14,27,6,J
67,第68回,2000-10-17,5,6,21,22,24,11,E
68,第69回,2000-10-24,5,6,9,23,30,2,J
69,第70回,2000-10-31,1,5,7,17,21,15,F
70,第71回,2000-11-07,11,17,18,22,30,2,B
71,第72回,2000-11-14,8,10,24,28,30,12,C
72,第73回,2000-11-21,4,6,8,26,30,7,D
73,第74回,2000-11-28,4,6,16,22,28,9,A
74,第75回,2000-12-05,7,14,16,17,29,1,H
75,第76回,2000-12-12,6,11,13,16,23,3,E
76,第77回,2000-12-19,2,3,10,22,26,23,I
77,第78回,2000-12-26,4,11,19,20,22,28,D
78,第79回,2001-01-09,2,13,16,26,30,11,A
79,第80回,2001-01-16,7,10,13,18,22,4,G
80,第81回,2001-01-23,1,7,10,16,25,18,C
81,第82回,2001-01-30,1,3,11,27,30,8,I
82,第83回,2001-02-06,1,6,11,23,26,3,E
83,第84回,2001-02-13,1,15,29,30,31,16,F
84,第85回,2001-02-20,9,11,14,20,29,2,J
85,第86回,2001-02-27,2,8,13,20,24,9,B
86,第87回,2001-03-06,1,5,12,23,27,14,H
87,第88回,2001-03-13,4,19,26,27,30,3,I
88,第89回,2001-03-20,5,7,24,27,29,14,D
89,第90回,2001-03-27,6,12,14,21,27,15,H
90,第91回,2001-04-03,8,9,15,18,22,3,C
91,第92回,2001-04-10,2,3,11,22,30,31,J
92,第93回,2001-04-17,11,15,22,26,27,8,F
93,第94回,2001-04-24,16,19,20,26,29,27,A
94,第95回,2001-05-01,4,5,7,8,31,26,C
95,第96回,2001-05-08,1,5,6,14,27,17,E
96,第97回,2001-05-15,6,12,15,19,22,3,A
97,第98回,2001-05-22,1,2,9,11,20,4,G
98,第99回,2001-05-29,3,7,10,13,15,26,I
99,第100回,2001-06-05,11,12,19,20,31,3,H
100,第101回,2001-06-12,2,10,11,13,26,22,D
101,第102回,2001-06-19,5,10,11,25,28,23,A
102,第103回,2001-06-26,10,13,19,21,30,14,F
103,第104回,2001-07-03,3,4,7,21,30,31,I
104,第105回,2001-07-10,6,11,14,21,27,20,E
105,第106回,2001-07-17,3,5,11,12,18,2,B
106,第107回,2001-07-24,4,8,12,26,27,18,H
107,第108回,2001-07-31,6,10,20,27,29,19,J
108,第109回,2001-08-07,3,5,15,19,22,25,G
109,第110回,2001-08-14,3,7,13,22,27,2,A
110,第111回,2001-08-21,10,19,24,27,31,6,I
111,第112回,2001-08-28,5,7,15,26,27,1,A
112,第113回,2001-09-04,1,2,6,16,28,4,D
113,第114回,2001-09-11,3,5,6,7,11,8,J
114,第115回,2001-09-18,10,15,29,30,31,16,I
115,第116回,2001-09-25,2,7,13,18,23,11,F
116,第117回,2001-10-02,5,11,12,23,24,3,A
117,第118回,2001-10-09,2,4,12,20,23,14,E
118,第119回,2001-10-16,12,14,25,29,30,5,A
119,第120回,2001-10-23,8,12,14,18,27,24,H
120,第121回,2001-10-30,5,17,18,24,30,20,A
121,第122回,2001-11-06,1,8,23,27,28,9,B
122,第123回,2001-11-13,1,5,6,13,15,21,F
123,第124回,2001-11-20,5,7,17,19,27,9,D
124,第125回,2001-11-27,2,21,22,27,29,24,H
125,第126回,2001-12-04,7,16,18,22,25,21,A
126,第127回,2001-12-11,8,9,18,29,31,24,F
127,第128回,2001-12-18,3,6,22,24,27,26,A
128,第129回,2001-12-25,2,13,20,25,30,12,B
129,第130回,2002-01-08,3,4,11,17,26,5,H
130,第131回,2002-01-15,1,9,12,18,21,15,D
131,第132回,2002-01-22,7,13,17,19,24,18,G
132,第133回,2002-01-29,4,7,11,18,31,27,D
133,第134回,2002-02-05,4,5,13,16,18,20,A
134,第135回,2002-02-12,4,7,8,9,24,20,F
135,第136回,2002-02-19,5,11,14,18,28,8,J
136,第137回,2002-02-26,3,15,20,25,28,30,B
137,第138回,2002-03-05,1,4,21,30,31,16,I
138,第139回,2002-03-12,14,17,20,26,28,23,G
139,第140回,2002-03-19,8,9,17,20,29,6,J
140,第141回,2002-03-26,4,6,9,20,24,16,A
141,第142回,2002-04-02,10,11,24,25,30,8,J
142,第143回,2002-04-09,17,18,20,23,26,6,B
143,第144回,2002-04-16,4,13,14,19,28,5,H
144,第145回,2002-04-23,13,14,19,24,28,3,E
145,第146回,2002-04-30,1,6,11,12,18,8,G
146,第147回,2002-05-07,5,10,21,27,28,2,F
147,第148回,2002-05-14,2,7,19,26,31,24,A
148,第149回,2002-05-21,5,6,17,27,28,20,G
149,第150回,2002-05-28,2,11,16,24,26,4,D
150,第151回,2002-06-04,4,10,13,14,19,12,I
151,第152回,2002-06-11,1,2,11,22,30,27,H
152,第153回,2002-06-18,2,3,8,23,29,6,F
153,第154回,2002-06-25,2,10,16,19,22,17,B
154,第155回,2002-07-02,9,10,16,21,23,4,I
155,第156回,2002-07-09,2,3,13,19,31,15,G
156,第157回,2002-07-16,1,5,14,18,20,6,J
157,第158回,2002-07-23,3,14,16,20,31,25,F
158,第159回,2002-07-30,7,11,16,23,24,13,A
159,第160回,2002-08-06,4,23,24,30,31,27,A
160,第161回,2002-08-13,2,3,4,17,19,8,I
161,第162回,2002-08-20,6,14,17,23,31,20,B
162,第163回,2002-08-27,1,12,13,16,28,31,A
163,第164回,2002-09-03,7,9,16,26,30,28,J
164,第165回,2002-09-10,9,16,24,25,26,20,F
165,第166回,2002-09-17,8,13,21,24,28,16,E
166,第167回,2002-09-24,11,19,20,25,26,23,C
167,第168回,2002-10-01,2,8,11,16,30,17,B
168,第169回,2002-10-08,8,15,18,25,31,13,I
169,第170回,2002-10-15,2,7,14,20,22,5,F
170,第171回,2002-10-22,2,6,9,12,31,17,H
171,第172回,2002-10-29,1,4,14,21,28,3,D
172,第173回,2002-11-05,11,18,20,22,29,10,A
173,第174回,2002-11-12,1,3,8,21,22,2,F
174,第175回,2002-11-19,8,12,17,19,24,5,J
175,第176回,2002-11-26,12,14,24,26,30,18,C
176,第177回,2002-12-03,7,13,17,21,30,20,C
177,第178回,2002-12-10,3,24,26,28,31,20,B
178,第179回,2002-12-17,1,7,26,30,31,12,G
179,第180回,2002-12-24,17,18,19,21,28,22,I
180,第181回,2003-01-07,1,3,14,16,26,12,H
181,第182回,2003-01-14,2,10,14,23,24,6,A
182,第183回,2003-01-21,3,9,13,25,26,7,F
183,第184回,2003-01-28,2,10,23,30,31,16,E
184,第185回,2003-02-04,7,19,20,25,28,2,D
185,第186回,2003-02-11,8,12,20,21,25,22,F
186,第187回,2003-02-18,4,6,17,24,25,1,J
187,第188回,2003-02-25,7,16,24,25,28,30,D
188,第189回,2003-03-04,9,16,22,25,26,3,H
189,第190回,2003-03-11,4,5,21,27,29,2,F
190,第191回,2003-03-18,1,6,8,12,13,2,C
191,第192回,2003-03-25,6,7,10,11,17,3,G
192,第193回,2003-04-01,6,8,18,20,22,11,B
193,第194回,2003-04-08,3,6,15,17,23,1,F
194,第195回,2003-04-15,1,2,6,15,23,21,A
195,第196回,2003-04-22,2,4,14,21,22,16,E
196,第197回,2003-04-29,8,18,20,21,31,1,J
197,第198回,2003-05-06,13,20,21,25,28,14,F
198,第199回,2003-05-13,1,9,21,26,29,25,I
199,第200回,2003-05-20,1,4,12,13,18,25,C
200,第201回,2003-05-27,3,5,23,25,26,17,D
201,第202回,2003-06-03,6,10,11,18,31,25,A
202,第203回,2003-06-10,4,10,18,22,25,20,H
203,第204回,2003-06-17,7,18,22,24,29,9,G
204,第205回,2003-06-24,3,4,13,14,23,12,B
205,第206回,2003-07-01,6,8,12,27,31,24,E
206,第207回,2003-07-08,3,4,10,16,25,7,I
207,第208回,2003-07-15,6,10,13,16,17,29,J
208,第209回,2003-07-22,7,17,23,27,29,12,C
209,第210回,2003-07-29,9,10,18,19,29,21,G
210,第211回,2003-08-05,9,10,13,18,22,15,D
211,第212回,2003-08-12,1,5,10,14,30,26,F
212,第213回,2003-08-19,1,2,3,9,29,27,H
213,第214回,2003-08-26,2,8,16,18,28,12,A
214,第215回,2003-09-02,4,15,20,21,28,16,I
215,第216回,2003-09-09,3,7,13,16,17,2,B
216,第217回,2003-09-16,2,8,17,19,23,21,E
217,第218回,2003-09-23,9,16,24,25,29,23,H
218,第219回,2003-09-30,1,15,17,21,28,6,F
219,第220回,2003-10-07,9,10,11,21,29,5,J
220,第221回,2003-10-14,4,8,14,22,26,9,C
221,第222回,2003-10-21,10,18,21,26,28,9,A
222,第223回,2003-10-28,4,10,16,19,22,21,G
223,第224回,2003-11-04,12,16,27,30,31,14,J
224,第225回,2003-11-11,13,14,18,24,26,16,D
225,第226回,2003-11-18,4,12,14,26,30,28,I
226,第227回,2003-11-25,2,4,7,21,30,20,B
227,第228回,2003-12-02,10,17,21,24,27,2,F
228,第229回,2003-12-09,12,19,23,24,30,6,E
229,第230回,2003-12-16,4,16,17,25,26,19,J
230,第231回,2003-12-23,3,4,10,11,24,28,D
231,第232回,2003-12-30,3,12,20,24,26,31,A
232,第233回,2004-01-06,8,14,19,21,29,25,H
233,第234回,2004-01-13,16,18,22,23,26,2,C
234,第235回,2004-01-20,5,6,16,17,31,8,F
235,第236回,2004-01-27,14,17,23,24,29,3,B
236,第237回,2004-02-03,6,8,17,18,28,20,G
237,第238回,2004-02-10,13,15,17,22,25,26,D
238,第239回,2004-02-17,16,18,21,23,27,31,I
239,第240回,2004-02-24,2,6,14,28,29,11,A
240,第241回,2004-03-02,1,2,4,13,26,7,C
241,第242回,2004-03-09,5,12,23,27,31,14,E
242,第243回,2004-03-16,4,11,15,27,28,1,J
243,第244回,2004-03-23,6,11,21,22,25,15,F
244,第245回,2004-03-30,1,10,14,21,28,23,B
245,第246回,2004-04-06,1,12,15,20,23,4,A
246,第247回,2004-04-13,7,11,19,27,31,2,J
247,第248回,2004-04-20,4,13,16,24,29,12,B
248,第249回,2004-04-27,9,11,12,18,20,7,G
249,第250回,2004-05-04,1,3,11,12,31,22,I
250,第251回,2004-05-11,1,3,19,20,23,28,H
251,第252回,2004-05-18,12,18,24,27,31,22,I
252,第253回,2004-05-25,1,3,10,21,25,29,E
253,第254回,2004-06-01,3,7,22,25,29,27,D
254,第255回,2004-06-08,12,17,20,27,29,18,A
255,第256回,2004-06-15,5,9,15,16,27,28,F
256,第257回,2004-06-22,2,9,12,20,31,10,C
257,第258回,2004-06-29,4,6,9,19,22,5,G
258,第259回,2004-07-06,5,7,11,12,23,17,I
259,第260回,2004-07-13,6,7,17,19,23,28,J
260,第261回,2004-07-20,2,3,5,14,29,18,D
261,第262回,2004-07-27,5,19,23,27,28,2,F
262,第263回,2004-08-03,15,25,28,30,31,2,A
263,第264回,2004-08-10,2,4,7,25,30,15,E
264,第265回,2004-08-17,1,3,24,26,28,21,J
265,第266回,2004-08-24,3,8,25,28,31,6,D
266,第267回,2004-08-31,8,14,15,19,25,31,H
267,第268回,2004-09-07,17,18,20,27,31,13,F
268,第269回,2004-09-14,3,7,20,23,29,16,C
269,第270回,2004-09-21,9,10,11,14,19,21,B
270,第271回,2004-09-28,6,13,15,24,31,20,J
271,第272回,2004-10-05,4,16,21,28,29,9,A
272,第273回,2004-10-12,3,5,7,11,17,23,E
273,第274回,2004-10-19,7,8,9,16,25,12,D
274,第275回,2004-10-26,11,16,17,21,22,19,G
275,第276回,2004-11-02,12,16,19,20,23,11,B
276,第277回,2004-11-09,4,14,16,19,22,10,C
277,第278回,2004-11-16,8,12,13,14,24,16,C
278,第279回,2004-11-23,2,7,19,23,25,11,I
279,第280回,2004-11-30,4,9,13,15,19,12,H
280,第281回,2004-12-07,5,7,11,13,21,27,J
281,第282回,2004-12-14,1,2,18,27,29,13,I
282,第283回,2004-12-21,11,15,19,20,29,1,F
283,第284回,2004-12-28,1,5,8,11,18,30,A
284,第285回,2005-01-04,8,17,19,24,26,16,B
285,第286回,2005-01-11,14,15,20,22,30,2,D
286,第287回,2005-01-18,2,7,14,19,21,1,E
287,第288回,2005-01-25,6,16,21,29,31,18,G
288,第289回,2005-02-01,5,6,11,24,28,18,G
289,第290回,2005-02-08,3,8,11,23,30,5,I
290,第291回,2005-02-15,4,8,21,23,26,22,H
291,第292回,2005-02-22,2,7,13,25,31,17,J
292,第293回,2005-03-01,14,15,16,24,25,12,A
293,第294回,2005-03-08,14,23,26,29,31,28,B
294,第295回,2005-03-15,8,14,16,17,26,5,E
295,第296回,2005-03-22,8,14,18,24,29,19,C
296,第297回,2005-03-29,5,9,18,25,30,31,D
297,第298回,2005-04-05,8,10,12,15,22,16,F
298,第299回,2005-04-12,2,9,15,26,31,11,G
299,第300回,2005-04-19,10,13,16,22,28,7,I
300,第301回,2005-04-26,5,11,16,26,31,12,A
301,第302回,2005-05-03,6,7,9,14,20,22,B
302,第303回,2005-05-10,13,14,16,19,25,1,J
303,第304回,2005-05-17,3,10,11,14,20,17,H
304,第305回,2005-05-24,10,11,13,16,24,22,C
305,第306回,2005-05-31,17,20,23,24,31,11,E
306,第307回,2005-06-07,2,10,15,21,28,12,F
307,第308回,2005-06-14,1,13,17,22,27,16,G
308,第309回,2005-06-21,8,14,17,22,23,1,I
309,第310回,2005-06-28,6,14,17,24,25,11,A
310,第311回,2005-07-05,2,17,19,28,29,10,F
311,第312回,2005-07-12,7,12,17,18,21,11,H
312,第313回,2005-07-19,1,7,26,27,31,30,D
313,第314回,2005-07-26,2,7,16,18,20,28,J
314,第315回,2005-08-02,7,11,15,28,31,14,B
315,第316回,2005-08-09,24,25,28,29,30,27,G
316,第317回,2005-08-16,8,10,11,22,23,12,E
317,第318回,2005-08-23,9,18,19,30,31,16,I
318,第319回,2005-08-30,3,20,21,22,27,9,C
319,第320回,2005-09-06,6,7,13,28,30,12,A
320,第321回,2005-09-13,2,11,18,21,27,15,B
321,第322回,2005-09-20,5,8,10,28,31,2,F
322,第323回,2005-09-27,5,15,19,22,27,29,J
323,第324回,2005-10-04,5,6,13,29,30,17,D
324,第325回,2005-10-11,8,11,13,15,28,22,A
325,第326回,2005-10-18,1,3,6,11,25,12,H
326,第327回,2005-10-25,8,14,19,25,28,16,A
327,第328回,2005-11-01,1,2,11,12,18,8,G
328,第329回,2005-11-08,5,14,15,17,29,10,E
329,第330回,2005-11-15,3,13,15,19,24,8,B
330,第331回,2005-11-22,6,19,21,29,30,24,C
331,第332回,2005-11-29,4,9,24,28,29,25,I
332,第333回,2005-12-06,19,21,22,26,28,24,A
333,第334回,2005-12-13,7,12,22,23,25,13,A
334,第335回,2005-12-20,14,16,23,25,31,22,F
335,第336回,2005-12-27,10,14,20,27,28,8,D
336,第337回,2006-01-10,4,7,21,22,23,15,J
337,第338回,2006-01-17,1,3,19,21,27,9,C
338,第339回,2006-01-24,4,9,11,15,23,26,H
339,第340回,2006-01-31,10,14,18,23,25,31,G
340,第341回,2006-02-07,2,5,17,18,26,3,E
341,第342回,2006-02-14,2,15,24,25,27,9,B
342,第343回,2006-02-21,6,10,15,27,30,8,I
343,第344回,2006-02-28,4,9,13,21,23,31,E
344,第345回,2006-03-07,7,14,16,17,29,18,F
345,第346回,2006-03-14,4,14,18,26,31,3,A
346,第347回,2006-03-21,10,11,20,23,27,13,C
347,第348回,2006-03-28,8,9,11,12,18,23,H
348,第349回,2006-04-04,3,5,6,7,12,18,J
349,第350回,2006-04-11,3,9,22,24,28,27,D
350,第351回,2006-04-18,3,6,11,12,27,26,F
351,第352回,2006-04-25,5,7,14,17,30,29,G
352,第353回,2006-05-02,3,13,14,17,25,18,I
353,第354回,2006-05-09,3,6,17,19,30,1,J
354,第355回,2006-05-16,8,9,24,27,29,31,J
355,第356回,2006-05-23,6,11,17,19,22,21,A
356,第357回,2006-05-30,15,24,26,28,29,16,E
357,第358回,2006-06-06,4,13,18,27,31,23,G
358,第359回,2006-06-13,3,11,15,18,19,22,B
359,第360回,2006-06-20,6,11,20,27,28,5,E
360,第361回,2006-06-27,2,4,6,12,30,5,A
361,第362回,2006-07-04,4,17,19,20,31,7,H
362,第363回,2006-07-11,4,10,12,17,22,16,C
363,第364回,2006-07-18,5,9,13,20,23,18,F
364,第365回,2006-07-25,6,10,18,27,28,14,G
365,第366回,2006-08-01,2,11,14,19,30,3,B
366,第367回,2006-08-08,4,6,14,19,31,9,I
367,第368回,2006-08-15,1,8,17,28,29,6,E
368,第369回,2006-08-22,4,10,23,29,30,31,F
369,第370回,2006-08-29,10,12,16,26,28,21,J
370,第371回,2006-09-05,10,12,19,23,31,27,J
371,第372回,2006-09-12,1,5,22,25,30,12,C
372,第373回,2006-09-19,3,5,11,12,29,22,B
373,第374回,2006-09-26,9,17,27,28,29,8,I
374,第375回,2006-10-03,1,10,20,23,24,16,G
375,第376回,2006-10-10,7,13,21,25,28,2,C
376,第377回,2006-10-17,1,12,20,21,30,6,E
377,第378回,2006-10-24,6,8,15,21,24,5,I
378,第379回,2006-10-31,2,8,15,19,28,26,D
379,第380回,2006-11-07,2,11,12,17,31,15,A
380,第381回,2006-11-14,3,9,19,22,23,21,H
381,第382回,2006-11-21,7,9,11,14,23,19,J
382,第383回,2006-11-28,4,7,9,17,31,12,B
383,第384回,2006-12-05,4,9,15,25,29,5,F
384,第385回,2006-12-12,6,14,20,24,27,3,G
385,第386回,2006-12-19,1,3,5,7,23,14,C
386,第387回,2006-12-26,16,26,28,29,30,11,E
387,第388回,2007-01-09,4,8,19,27,31,11,I
388,第389回,2007-01-16,8,11,13,27,30,6,B
389,第390回,2007-01-23,11,14,23,29,30,20,D
390,第391回,2007-01-30,1,10,15,30,31,21,F
391,第392回,2007-02-06,3,13,15,25,30,26,H
392,第393回,2007-02-13,15,17,18,22,30,11,J
393,第394回,2007-02-20,2,5,21,27,31,25,A
394,第395回,2007-02-27,6,21,22,23,31,3,D
395,第396回,2007-03-06,1,6,21,25,28,22,G
396,第397回,2007-03-13,1,14,17,24,25,29,B
397,第398回,2007-03-20,10,17,25,27,31,26,C
398,第399回,2007-03-27,7,13,23,27,31,8,A
399,第400回,2007-04-03,12,20,22,24,25,26,E
400,第401回,2007-04-10,11,13,18,26,30,6,A
401,第402回,2007-04-17,10,20,22,24,27,8,F
402,第403回,2007-04-24,2,5,16,30,31,18,H
403,第404回,2007-05-01,1,8,11,26,28,24,I
404,第405回,2007-05-08,8,9,13,27,31,17,C
405,第406回,2007-05-15,5,13,19,28,29,1,B
406,第407回,2007-05-22,5,15,21,22,31,10,E
407,第408回,2007-05-29,7,12,22,26,30,4,J
408,第409回,2007-06-05,2,11,19,27,28,5,G
409,第410回,2007-06-12,3,10,19,20,31,15,D
410,第411回,2007-06-19,5,8,12,19,22,11,B
411,第412回,2007-06-26,1,5,6,9,23,16,I
412,第413回,2007-07-03,8,14,21,23,29,17,F
413,第414回,2007-07-10,5,7,10,20,27,21,D
414,第415回,2007-07-17,11,16,24,28,30,22,H
415,第416回,2007-07-24,4,6,13,15,22,7,I
416,第417回,2007-07-31,3,9,12,23,24,22,J
417,第418回,2007-08-07,13,16,22,27,30,4,G
418,第419回,2007-08-14,5,12,19,20,27,28,C
419,第420回,2007-08-21,2,10,13,23,27,18,E
420,第421回,2007-08-28,11,14,24,28,29,16,A
421,第422回,2007-09-04,10,12,15,21,27,24,F
422,第423回,2007-09-11,8,14,16,24,31,7,B
423,第424回,2007-09-18,3,4,8,11,31,24,D
424,第425回,2007-09-25,4,10,20,25,28,6,H
425,第426回,2007-10-02,3,15,17,21,26,29,I
426,第427回,2007-10-09,9,14,19,20,26,16,J
427,第428回,2007-10-16,11,20,24,27,29,21,E
428,第429回,2007-10-23,11,18,22,26,30,20,C
429,第430回,2007-10-30,3,7,16,18,21,27,A
430,第431回,2007-11-06,3,12,14,24,25,2,G
431,第432回,2007-11-13,3,9,14,22,25,12,D
432,第433回,2007-11-20,1,12,17,20,27,14,H
433,第434回,2007-11-27,1,6,10,11,22,18,I
434,第435回,2007-12-04,8,19,22,25,27,6,B
435,第436回,2007-12-11,7,8,18,21,24,17,F
436,第437回,2007-12-18,9,13,15,28,31,12,E
437,第438回,2007-12-25,1,2,10,13,21,16,J
438,第439回,2008-01-08,10,17,19,21,23,16,C
439,第440回,2008-01-15,5,12,13,21,30,28,B
440,第441回,2008-01-22,6,8,19,28,30,17,G
441,第442回,2008-01-29,5,8,19,24,30,17,D
442,第443回,2008-02-05,5,17,22,23,30,20,A
443,第444回,2008-02-12,1,11,17,30,31,13,H
444,第445回,2008-02-19,7,16,18,26,31,25,E
445,第446回,2008-02-26,10,11,15,16,17,4,A
446,第447回,2008-03-04,14,17,20,25,26,8,I
447,第448回,2008-03-11,1,7,12,17,18,25,J
448,第449回,2008-03-18,7,8,10,11,20,12,F
449,第450回,2008-03-25,2,5,8,13,27,26,C
450,第451回,2008-04-01,3,7,12,14,16,31,G
451,第452回,2008-04-08,2,12,16,18,30,20,B
452,第453回,2008-04-15,4,7,12,17,27,24,D
453,第454回,2008-04-22,2,5,13,20,24,12,E
454,第455回,2008-04-29,1,10,16,24,26,9,E
455,第456回,2008-05-06,6,8,10,16,20,2,J
456,第457回,2008-05-13,2,16,17,22,28,11,H
457,第458回,2008-05-20,6,8,15,24,31,1,C
458,第459回,2008-05-27,12,13,26,27,29,2,A
459,第460回,2008-06-03,10,11,25,27,30,4,I
460,第461回,2008-06-10,6,12,17,20,26,11,F
461,第462回,2008-06-17,4,19,22,25,29,27,H
462,第463回,2008-06-24,12,13,16,21,23,18,E
463,第464回,2008-07-01,1,12,16,22,28,15,B
464,第465回,2008-07-08,13,18,21,25,28,7,G
465,第466回,2008-07-15,15,16,19,20,29,17,E
466,第467回,2008-07-22,1,2,13,15,23,26,A
467,第468回,2008-07-29,7,8,13,24,27,10,J
468,第469回,2008-08-05,5,9,12,16,19,3,C
469,第470回,2008-08-12,11,15,22,30,31,14,I
470,第471回,2008-08-19,13,17,20,23,30,28,A
471,第472回,2008-08-26,4,15,17,20,21,3,F
472,第473回,2008-09-02,4,5,18,20,26,3,B
473,第474回,2008-09-09,5,12,14,18,23,11,H
474,第475回,2008-09-16,8,9,12,14,24,30,D
475,第476回,2008-09-23,3,10,12,20,24,13,E
476,第477回,2008-09-30,1,4,13,20,28,31,A
477,第478回,2008-10-07,3,17,18,22,25,5,C
478,第479回,2008-10-14,14,22,26,27,29,21,G
479,第480回,2008-10-21,5,7,18,25,31,23,J
480,第481回,2008-10-28,3,7,13,16,25,31,F
481,第482回,2008-11-04,2,16,20,24,29,5,D
482,第483回,2008-11-11,7,20,23,27,29,25,B
483,第484回,2008-11-18,1,3,4,19,29,27,I
484,第485回,2008-11-25,3,8,10,15,31,18,H
485,第486回,2008-12-02,5,8,20,22,26,19,E
486,第487回,2008-12-09,15,17,20,22,29,16,F
487,第488回,2008-12-16,10,15,17,23,29,24,A
488,第489回,2008-12-23,2,4,9,22,31,17,H
489,第490回,2008-12-30,7,9,13,21,24,11,C
490,第491回,2009-01-06,8,10,16,20,23,6,J
491,第492回,2009-01-13,3,8,9,11,20,18,G
492,第493回,2009-01-20,1,11,12,13,17,26,D
493,第494回,2009-01-27,2,10,14,26,28,18,C
494,第495回,2009-02-03,7,10,22,26,27,5,I
495,第496回,2009-02-10,4,10,11,22,30,9,B
496,第497回,2009-02-17,4,21,23,27,28,26,F
497,第498回,2009-02-24,2,15,20,23,30,3,A
498,第499回,2009-03-03,2,8,14,15,26,31,H
499,第500回,2009-03-10,19,20,23,25,28,5,E
500,第501回,2009-03-17,12,13,16,17,21,22,J
501,第502回,2009-03-24,2,3,5,13,14,1,G
502,第503回,2009-03-31,11,18,21,23,27,3,D
503,第504回,2009-04-07,8,10,24,28,31,9,C
504,第505回,2009-04-14,5,16,19,20,22,28,B
505,第506回,2009-04-21,4,14,15,23,24,11,A
506,第507回,2009-04-28,10,19,26,27,28,2,I
507,第508回,2009-05-05,3,6,9,14,25,1,D
508,第509回,2009-05-12,2,13,22,29,30,8,G
509,第510回,2009-05-19,18,19,21,23,30,25,C
510,第511回,2009-05-26,13,16,26,28,31,11,J
511,第512回,2009-06-02,8,14,25,29,30,7,F
512,第513回,2009-06-09,3,11,18,19,25,8,H
513,第514回,2009-06-16,15,16,21,25,30,14,I
514,第515回,2009-06-23,5,21,24,25,26,31,E
515,第516回,2009-06-30,3,12,14,15,26,5,A
516,第517回,2009-07-07,12,26,28,29,30,5,B
517,第518回,2009-07-14,11,16,18,20,27,23,E
518,第519回,2009-07-21,2,9,25,29,31,4,J
519,第520回,2009-07-28,2,3,11,14,30,8,G
520,第521回,2009-08-04,4,9,14,25,26,15,I
521,第522回,2009-08-11,4,19,22,23,27,31,D
522,第523回,2009-08-18,8,17,18,19,24,10,C
523,第524回,2009-08-25,7,10,17,22,24,12,I
524,第525回,2009-09-01,1,14,21,25,27,6,F
525,第526回,2009-09-08,4,5,16,21,31,26,A
526,第527回,2009-09-15,11,13,15,23,25,4,H
527,第528回,2009-09-22,2,11,14,15,21,8,G
528,第529回,2009-09-29,5,7,14,16,20,15,B
529,第530回,2009-10-06,2,3,5,16,19,10,F
530,第531回,2009-10-13,13,21,22,26,27,19,E
531,第532回,2009-10-20,5,10,21,27,28,18,C
532,第533回,2009-10-27,6,13,19,23,31,20,I
533,第534回,2009-11-03,7,22,25,26,30,4,C
534,第535回,2009-11-10,18,20,23,24,31,7,J
535,第536回,2009-11-17,14,18,20,22,24,19,B
536,第537回,2009-11-24,9,10,27,29,30,5,D
537,第538回,2009-12-01,8,10,13,20,21,31,B
538,第539回,2009-12-08,9,18,23,26,29,5,G
539,第540回,2009-12-15,2,19,22,27,29,6,H
540,第541回,2009-12-22,1,9,10,16,23,30,F
541,第542回,2009-12-29,3,9,11,20,27,21,E
542,第543回,2010-01-05,4,7,17,22,25,30,B
543,第544回,2010-01-12,3,9,18,29,30,28,I
544,第545回,2010-01-19,1,15,23,28,29,2,E
545,第546回,2010-01-26,3,8,19,22,29,20,C
546,第547回,2010-02-02,5,23,25,29,31,28,H
547,第548回,2010-02-09,5,6,16,23,29,31,G
548,第549回,2010-02-16,10,12,19,24,25,14,J
549,第550回,2010-02-23,8,16,22,28,31,3,A
550,第551回,2010-03-02,1,2,10,24,31,28,D
551,第552回,2010-03-09,7,11,14,17,28,29,F
552,第553回,2010-03-16,2,13,23,24,30,15,I
553,第554回,2010-03-23,2,6,23,24,28,9,B
554,第555回,2010-03-30,1,15,18,24,29,23,J
555,第556回,2010-04-06,4,6,16,17,24,26,C
556,第557回,2010-04-13,8,18,21,22,28,31,H
557,第558回,2010-04-20,4,10,16,22,30,27,G
558,第559回,2010-04-27,2,4,7,11,16,25,E
559,第560回,2010-05-04,11,13,17,29,30,5,C
560,第561回,2010-05-11,1,5,6,16,25,18,D
561,第562回,2010-05-18,2,7,12,15,17,23,I
562,第563回,2010-05-25,4,5,18,19,30,1,J
563,第564回,2010-06-01,9,17,19,22,29,6,F
564,第565回,2010-06-08,18,19,20,28,29,13,H
565,第566回,2010-06-15,3,8,23,28,30,31,A
566,第567回,2010-06-22,10,12,20,24,25,17,B
567,第568回,2010-06-29,8,12,16,24,30,23,G
568,第569回,2010-07-06,10,17,23,26,28,5,E
569,第570回,2010-07-13,1,2,5,6,10,8,C
570,第571回,2010-07-20,9,22,27,28,29,26,D
571,第572回,2010-07-27,1,6,18,23,29,21,I
572,第573回,2010-08-03,15,21,22,23,29,5,F
573,第574回,2010-08-10,3,7,8,13,15,25,H
574,第575回,2010-08-17,10,16,20,21,27,24,J
575,第576回,2010-08-24,6,8,10,21,23,18,A
576,第577回,2010-08-31,5,10,21,24,25,13,B
577,第578回,2010-09-07,5,11,16,19,30,18,E
578,第579回,2010-09-14,1,4,15,17,23,8,I
579,第580回,2010-09-21,1,4,14,15,26,18,G
580,第581回,2010-09-28,2,6,12,14,30,3,C
581,第582回,2010-10-05,3,14,22,24,30,10,F
582,第583回,2010-10-12,1,3,10,11,16,24,A
583,第584回,2010-10-19,6,9,11,14,22,29,D
584,第585回,2010-10-26,14,19,23,24,31,29,H
585,第586回,2010-11-02,1,5,6,10,15,2,J
586,第587回,2010-11-09,11,17,19,29,30,1,B
587,第588回,2010-11-16,4,11,18,26,31,13,G
588,第589回,2010-11-23,3,10,13,22,26,12,I
589,第590回,2010-11-30,4,7,11,17,19,14,E
590,第591回,2010-12-07,4,8,9,13,19,12,D
591,第592回,2010-12-14,5,6,23,25,26,14,F
592,第593回,2010-12-21,11,14,22,28,29,25,H
593,第594回,2010-12-28,2,5,10,22,30,12,C
594,第595回,2011-01-04,7,11,15,20,23,3,A
595,第596回,2011-01-11,6,9,10,14,27,31,J
596,第597回,2011-01-18,2,13,16,17,19,29,G
597,第598回,2011-01-25,4,15,21,26,30,1,D
598,第599回,2011-02-01,3,7,10,11,29,25,I
599,第600回,2011-02-08,1,2,3,4,22,13,B
600,第601回,2011-02-15,10,14,15,16,24,28,E
601,第602回,2011-02-22,3,14,18,22,25,27,F
602,第603回,2011-03-01,4,5,26,28,30,15,C
603,第604回,2011-03-08,2,11,13,22,25,5,H
604,第605回,2011-03-15,5,6,13,19,28,17,A
605,第606回,2011-03-22,9,20,23,30,31,1,J
606,第607回,2011-03-29,7,8,12,18,30,17,C
607,第608回,2011-04-05,13,19,21,25,29,15,I
608,第609回,2011-04-12,3,14,21,26,30,25,G
609,第610回,2011-04-19,3,8,14,17,30,19,D
610,第611回,2011-04-26,12,18,21,25,30,17,B
611,第612回,2011-05-03,11,18,24,27,30,4,C
612,第613回,2011-05-10,2,16,17,20,28,14,E
613,第614回,2011-05-17,7,16,23,25,30,11,F
614,第615回,2011-05-24,4,12,13,19,20,10,H
615,第616回,2011-05-31,7,18,21,27,28,10,A
616,第617回,2011-06-07,3,9,16,19,28,25,J
617,第618回,2011-06-14,10,12,14,22,31,23,I
618,第619回,2011-06-21,4,7,14,20,30,28,G
619,第620回,2011-06-28,2,14,21,25,31,5,I
620,第621回,2011-07-05,6,12,18,24,30,9,B
621,第622回,2011-07-12,13,14,20,25,27,19,D
622,第623回,2011-07-19,4,9,14,15,26,29,H
623,第624回,2011-07-26,5,7,11,12,24,4,E
624,第625回,2011-08-02,19,20,23,26,31,6,F
625,第626回,2011-08-09,11,12,14,17,26,23,A
626,第627回,2011-08-16,6,10,14,15,20,19,J
627,第628回,2011-08-23,1,2,10,17,20,18,C
628,第629回,2011-08-30,1,3,16,26,29,31,G
629,第630回,2011-09-06,3,4,16,19,31,14,D
630,第631回,2011-09-13,3,15,18,20,25,29,B
631,第632回,2011-09-20,6,14,15,25,26,13,E
632,第633回,2011-09-27,2,12,19,20,30,13,H
633,第634回,2011-10-04,6,14,24,27,31,22,I
634,第635回,2011-10-11,12,13,16,20,29,11,F
635,第636回,2011-10-18,8,13,21,26,30,3,A
636,第637回,2011-10-25,1,5,10,15,21,11,C
637,第638回,2011-11-01,1,16,18,27,30,15,J
638,第639回,2011-11-08,6,14,20,29,31,22,D
639,第640回,2011-11-15,6,15,18,28,31,8,G
640,第641回,2011-11-22,5,11,14,17,22,15,B
641,第642回,2011-11-29,9,22,26,27,31,28,E
642,第643回,2011-12-06,9,11,17,19,22,6,D
643,第644回,2011-12-13,5,13,15,20,27,30,B
644,第645回,2011-12-20,8,13,18,19,24,11,I
645,第646回,2011-12-27,3,6,16,30,31,17,A
646,第647回,2012-01-10,3,6,7,10,21,18,F
647,第648回,2012-01-17,6,13,18,19,21,26,C
648,第649回,2012-01-24,3,11,18,19,21,12,G
649,第650回,2012-01-31,4,11,18,24,26,13,B
650,第651回,2012-02-07,8,11,15,20,31,18,J
651,第652回,2012-02-14,2,5,19,28,29,23,E
652,第653回,2012-02-21,11,16,20,22,30,21,H
653,第654回,2012-02-28,6,11,22,25,27,2,F
654,第655回,2012-03-06,7,9,12,14,18,24,D
655,第656回,2012-03-13,4,10,15,22,23,7,B
656,第657回,2012-03-20,9,14,18,23,30,10,C
657,第658回,2012-03-27,7,8,11,15,26,1,I
658,第659回,2012-04-03,5,9,22,30,31,3,G
659,第660回,2012-04-10,7,12,15,30,31,18,A
660,第661回,2012-04-17,2,6,9,19,20,27,E
661,第662回,2012-04-24,7,9,15,28,31,26,D
662,第663回,2012-05-01,1,9,10,21,31,23,J
663,第664回,2012-05-08,6,9,11,16,29,4,C
664,第665回,2012-05-15,7,12,17,20,28,9,B
665,第666回,2012-05-22,10,11,17,24,29,26,H
666,第667回,2012-05-29,8,9,19,26,31,28,F
667,第668回,2012-06-05,7,9,16,27,29,30,I
668,第669回,2012-06-12,4,7,8,25,31,14,E
669,第670回,2012-06-19,4,6,26,27,29,30,D
670,第671回,2012-06-26,7,14,19,22,27,28,A
671,第672回,2012-07-03,3,8,20,22,28,5,G
672,第673回,2012-07-10,6,12,21,24,25,22,C
673,第674回,2012-07-17,1,2,3,24,25,15,J
674,第675回,2012-07-24,6,21,27,28,31,20,H
675,第676回,2012-07-31,4,6,18,22,28,1,J
676,第677回,2012-08-07,10,16,23,24,30,18,F
677,第678回,2012-08-14,15,17,21,24,25,20,B
678,第679回,2012-08-21,5,11,23,29,31,28,I
679,第680回,2012-08-28,2,3,11,15,24,23,E
680,第681回,2012-09-04,6,12,17,19,30,9,D
681,第682回,2012-09-11,4,8,20,25,27,30,G
682,第683回,2012-09-18,1,7,15,23,26,11,C
683,第684回,2012-09-25,10,12,13,19,25,7,A
684,第685回,2012-10-02,8,11,19,21,30,1,F
685,第686回,2012-10-09,3,5,7,10,18,6,H
686,第687回,2012-10-16,2,9,17,24,29,22,J
687,第688回,2012-10-23,4,5,9,15,26,11,B
688,第689回,2012-10-30,12,13,19,23,25,28,E
689,第690回,2012-11-06,11,16,22,23,25,9,G
690,第691回,2012-11-13,3,9,10,20,25,31,I
691,第692回,2012-11-20,9,13,14,23,31,20,D
692,第693回,2012-11-27,5,17,21,24,25,3,C
693,第694回,2012-12-04,5,12,15,16,20,6,B
694,第695回,2012-12-11,4,19,20,27,28,14,G
695,第696回,2012-12-18,5,9,15,19,30,6,F
696,第697回,2012-12-25,5,7,17,25,27,18,A
697,第698回,2013-01-08,2,3,5,14,24,9,E
698,第699回,2013-01-15,6,12,21,24,28,15,H
699,第700回,2013-01-22,6,8,9,21,26,4,J
700,第701回,2013-01-29,4,8,13,15,26,3,C
701,第702回,2013-02-05,10,12,13,20,23,4,D
702,第703回,2013-02-12,3,10,16,28,31,15,I
703,第704回,2013-02-19,2,11,21,24,25,23,C
704,第705回,2013-02-26,8,16,18,21,22,27,B
705,第706回,2013-03-05,4,6,15,16,29,27,G
706,第707回,2013-03-12,2,11,23,27,29,3,F
707,第708回,2013-03-19,10,11,20,28,29,1,E
708,第709回,2013-03-26,2,5,16,17,18,30,H
709,第710回,2013-04-02,2,15,18,25,26,20,A
710,第711回,2013-04-09,3,5,10,17,25,22,J
711,第712回,2013-04-16,3,7,18,27,31,1,D
712,第713回,2013-04-23,4,13,22,28,31,16,A
713,第714回,2013-04-30,6,10,20,22,31,1,I
714,第715回,2013-05-07,2,3,5,9,22,18,C
715,第716回,2013-05-14,13,18,19,20,24,17,J
716,第717回,2013-05-21,3,5,14,23,26,1,G
717,第718回,2013-05-28,2,11,16,19,24,23,F
718,第719回,2013-06-04,2,9,18,22,27,16,E
719,第720回,2013-06-11,5,11,17,19,20,15,B
720,第721回,2013-06-18,3,5,12,15,22,2,D
721,第722回,2013-06-25,4,6,17,21,30,9,H
722,第723回,2013-07-02,4,7,9,25,31,18,A
723,第724回,2013-07-09,7,14,17,22,29,1,J
724,第725回,2013-07-16,6,11,26,28,30,19,I
725,第726回,2013-07-23,1,2,16,18,25,7,C
726,第727回,2013-07-30,4,7,14,16,24,27,G
727,第728回,2013-08-06,1,9,11,13,28,16,H
728,第729回,2013-08-13,13,16,17,20,29,11,E
729,第730回,2013-08-20,3,5,7,14,22,4,A
730,第731回,2013-08-27,7,9,18,28,30,11,D
731,第732回,2013-09-03,4,6,16,29,31,9,F
732,第733回,2013-09-10,5,9,11,18,20,31,B
733,第734回,2013-09-17,6,8,10,12,13,31,I
734,第735回,2013-09-24,3,14,16,23,30,7,G
735,第736回,2013-10-01,2,14,17,20,27,9,J
736,第737回,2013-10-08,5,12,18,19,23,16,C
737,第738回,2013-10-15,7,11,14,23,29,19,H
738,第739回,2013-10-22,1,4,19,24,31,18,A
739,第740回,2013-10-29,2,4,19,25,28,11,E
740,第741回,2013-11-05,6,11,12,15,25,10,D
741,第742回,2013-11-12,3,5,16,26,31,1,B
742,第743回,2013-11-19,4,15,18,20,30,5,F
743,第744回,2013-11-26,2,4,5,14,24,19,C
744,第745回,2013-12-03,3,10,13,14,22,15,J
745,第746回,2013-12-10,2,10,15,18,20,13,I
746,第747回,2013-12-17,1,12,23,29,30,9,G
747,第748回,2013-12-24,2,6,7,11,15,4,A
748,第749回,2014-01-07,1,11,14,16,30,25,H
749,第750回,2014-01-14,2,5,9,13,19,24,E
750,第751回,2014-01-21,7,15,18,19,30,8,D
751,第752回,2014-01-28,11,23,26,27,31,24,B
752,第753回,2014-02-04,2,10,20,23,24,26,F
753,第754回,2014-02-11,11,12,24,25,30,31,J
754,第755回,2014-02-18,20,21,22,25,27,14,I
755,第756回,2014-02-25,5,8,9,27,30,11,G
756,第757回,2014-03-04,12,15,21,25,27,22,C
757,第758回,2014-03-11,8,14,19,22,24,26,F
758,第759回,2014-03-18,8,18,23,24,30,4,A
759,第760回,2014-03-25,1,7,14,25,30,8,E
760,第761回,2014-04-01,7,14,16,21,31,17,H
761,第762回,2014-04-08,2,3,8,10,29,31,D
762,第763回,2014-04-15,3,5,12,14,18,8,B
763,第764回,2014-04-22,1,2,7,10,11,16,J
764,第765回,2014-04-29,16,19,20,22,31,26,I
765,第766回,2014-05-06,5,8,12,16,28,13,C
766,第767回,2014-05-13,6,8,10,25,31,27,F
767,第768回,2014-05-20,2,3,23,24,27,10,C
768,第769回,2014-05-27,3,11,15,22,24,29,G
769,第770回,2014-06-03,12,18,19,22,30,20,A
770,第771回,2014-06-10,7,11,22,26,30,27,E
771,第772回,2014-06-17,11,14,15,21,27,24,H
772,第773回,2014-06-24,1,2,6,11,26,17,D
773,第774回,2014-07-01,5,6,9,20,30,31,B
774,第775回,2014-07-08,5,6,14,24,31,15,J
775,第776回,2014-07-15,6,14,15,18,31,25,A
776,第777回,2014-07-22,4,10,20,22,24,21,G
777,第778回,2014-07-29,10,13,14,26,30,18,I
778,第779回,2014-08-05,1,8,9,10,13,18,C
779,第780回,2014-08-12,13,15,16,18,20,7,F
780,第781回,2014-08-19,2,7,10,21,24,4,E
781,第782回,2014-08-26,4,7,9,14,21,26,H
782,第783回,2014-09-02,4,5,10,15,20,8,D
783,第784回,2014-09-09,14,19,21,25,29,8,B
784,第785回,2014-09-16,7,21,22,26,28,5,J
785,第786回,2014-09-23,5,6,21,28,29,7,A
786,第787回,2014-09-30,11,15,22,26,31,7,G
787,第788回,2014-10-07,1,21,28,29,30,15,I
788,第789回,2014-10-14,4,5,11,16,31,19,C
789,第790回,2014-10-21,11,13,15,19,21,7,F
790,第791回,2014-10-28,6,16,18,30,31,10,E
791,第792回,2014-11-04,12,13,15,18,22,28,H
792,第793回,2014-11-11,6,10,18,20,31,24,D
793,第794回,2014-11-18,3,4,8,10,31,7,G
794,第795回,2014-11-25,2,6,11,14,18,1,A
795,第796回,2014-12-02,3,10,19,21,30,7,B
796,第797回,2014-12-09,8,9,29,30,31,18,J
797,第798回,2014-12-16,3,8,10,23,27,12,C
798,第799回,2014-12-23,1,2,17,19,26,24,I
799,第800回,2014-12-30,1,19,20,22,25,2,F
800,第801回,2015-01-06,5,7,20,22,25,17,H
801,第802回,2015-01-13,5,9,21,29,31,6,E
802,第803回,2015-01-20,2,4,18,19,27,23,D
803,第804回,2015-01-27,7,8,9,12,29,26,G
804,第805回,2015-02-03,8,9,11,17,30,3,A
805,第806回,2015-02-10,3,11,21,23,28,24,B
806,第807回,2015-02-17,5,7,13,17,19,3,J
807,第808回,2015-02-24,8,9,26,27,30,3,I
808,第809回,2015-03-03,2,8,11,13,25,1,C
809,第810回,2015-03-10,6,12,15,16,31,17,F
810,第811回,2015-03-17,8,9,10,13,21,18,H
811,第812回,2015-03-24,2,16,17,22,25,13,E
812,第813回,2015-03-31,3,6,9,14,15,17,A
813,第814回,2015-04-07,2,3,12,25,31,28,D
814,第815回,2015-04-14,20,21,26,27,28,3,G
815,第816回,2015-04-21,1,5,7,14,18,12,B
816,第817回,2015-04-28,1,10,23,27,29,18,J
817,第818回,2015-05-05,5,9,14,16,18,3,C
818,第819回,2015-05-12,2,9,14,15,24,13,I
819,第820回,2015-05-19,8,12,20,21,31,19,A
820,第821回,2015-05-26,6,8,18,21,23,30,H
821,第822回,2015-06-02,7,8,10,17,28,4,F
822,第823回,2015-06-09,6,10,14,18,23,9,E
823,第824回,2015-06-16,4,16,22,28,29,10,D
824,第825回,2015-06-23,3,8,12,21,26,19,B
825,第826回,2015-06-30,1,8,21,23,27,22,G
826,第827回,2015-07-07,3,4,6,23,31,10,J
827,第828回,2015-07-14,2,8,11,15,26,3,C
828,第829回,2015-07-21,8,12,19,23,31,6,A
829,第830回,2015-07-28,5,6,20,23,29,15,I
830,第831回,2015-08-04,7,9,17,19,21,3,H
831,第832回,2015-08-11,9,10,15,19,31,24,F
832,第833回,2015-08-18,6,9,15,24,28,12,A
833,第834回,2015-08-25,5,13,21,25,26,2,E
834,第835回,2015-09-01,1,9,11,23,29,17,D
835,第836回,2015-09-08,5,15,20,28,29,10,B
836,第837回,2015-09-15,4,5,9,24,25,31,J
837,第838回,2015-09-22,4,6,11,12,15,22,G
838,第839回,2015-09-29,2,6,14,27,30,12,C
839,第840回,2015-10-06,1,5,11,15,31,8,B
840,第841回,2015-10-13,5,6,7,13,18,8,I
841,第842回,2015-10-20,9,18,20,24,25,4,H
842,第843回,2015-10-27,2,14,23,28,30,26,J
843,第844回,2015-11-03,3,11,14,22,26,1,E
844,第845回,2015-11-10,3,10,22,24,30,28,F
845,第846回,2015-11-17,1,17,27,30,31,8,A
846,第847回,2015-11-24,7,18,19,21,31,15,D
847,第848回,2015-12-01,2,3,22,29,31,1,G
848,第849回,2015-12-08,4,14,17,19,20,26,B
849,第850回,2015-12-15,1,2,13,15,18,28,C
850,第851回,2015-12-22,10,19,20,24,31,23,D
851,第852回,2015-12-29,2,9,15,18,22,12,A
852,第853回,2016-01-05,6,11,17,18,30,28,I
853,第854回,2016-01-12,3,16,22,23,31,10,F
854,第855回,2016-01-19,2,7,17,22,24,25,H
855,第856回,2016-01-26,1,10,15,24,29,9,J
856,第857回,2016-02-02,2,4,21,24,28,29,E
857,第858回,2016-02-09,6,14,15,25,26,22,A
858,第859回,2016-02-16,13,17,19,28,31,25,B
859,第860回,2016-02-23,8,9,21,30,31,7,J
860,第861回,2016-03-01,4,8,12,17,27,3,C
861,第862回,2016-03-08,3,7,9,13,23,6,G
862,第863回,2016-03-15,1,2,11,27,28,21,D
863,第864回,2016-03-22,14,18,26,28,30,8,F
864,第865回,2016-03-29,3,8,16,17,31,9,J
865,第866回,2016-04-05,4,16,18,26,28,9,E
866,第867回,2016-04-12,13,23,24,28,30,31,I
867,第868回,2016-04-19,1,9,14,25,30,31,J
868,第869回,2016-04-26,2,14,16,19,30,5,H
869,第870回,2016-05-03,3,12,22,23,31,24,A
870,第871回,2016-05-10,4,17,24,27,31,19,B
871,第872回,2016-05-17,15,16,24,28,30,26,G
872,第873回,2016-05-24,4,6,10,23,29,3,C
873,第874回,2016-05-31,6,7,8,22,24,18,D
874,第875回,2016-06-07,2,3,8,11,28,10,J
875,第876回,2016-06-14,18,19,20,21,27,15,F
876,第877回,2016-06-21,5,14,20,22,23,16,G
877,第878回,2016-06-28,2,3,8,28,29,26,E
878,第879回,2016-07-05,2,13,24,27,31,12,I
879,第880回,2016-07-12,5,7,11,12,21,18,H
880,第881回,2016-07-19,10,11,17,29,30,15,A
881,第882回,2016-07-26,2,7,8,18,30,21,D
882,第883回,2016-08-02,1,17,18,21,25,23,J
883,第884回,2016-08-09,7,10,22,27,31,2,A
884,第885回,2016-08-16,9,17,21,24,27,11,B
885,第886回,2016-08-23,1,11,20,23,29,13,H
886,第887回,2016-08-30,3,4,19,28,29,23,B
887,第888回,2016-09-06,6,17,24,29,31,3,E
888,第889回,2016-09-13,5,6,12,17,22,23,C
889,第890回,2016-09-20,1,7,12,24,31,6,F
890,第891回,2016-09-27,10,17,29,30,31,25,H
891,第892回,2016-10-04,2,3,12,19,21,5,A
892,第893回,2016-10-11,11,14,20,22,25,5,G
893,第894回,2016-10-18,11,16,21,23,30,25,B
894,第895回,2016-10-25,7,8,9,11,14,22,D
895,第896回,2016-11-01,11,13,16,17,26,30,I
896,第897回,2016-11-08,16,17,18,23,31,29,J
897,第898回,2016-11-15,5,7,20,24,25,17,F
898,第899回,2016-11-22,1,7,19,20,31,29,E
899,第900回,2016-11-29,1,15,18,22,25,29,C
900,第901回,2016-12-06,2,10,13,23,24,27,A
901,第902回,2016-12-13,6,8,16,22,28,27,H
902,第903回,2016-12-20,2,5,21,24,29,4,G
903,第904回,2016-12-27,3,5,8,17,21,14,B
904,第905回,2017-01-10,4,17,18,22,27,10,D
905,第906回,2017-01-17,2,4,6,7,23,26,I
906,第907回,2017-01-24,3,4,10,22,31,6,J
907,第908回,2017-01-31,18,19,21,23,31,17,F
908,第909回,2017-02-07,3,12,14,20,27,22,I
909,第910回,2017-02-14,10,14,20,26,30,3,E
910,第911回,2017-02-21,2,3,4,13,16,17,C
911,第912回,2017-02-28,9,12,19,21,22,18,D
912,第913回,2017-03-07,2,9,17,21,23,28,A
913,第914回,2017-03-14,2,7,15,19,24,22,H
914,第915回,2017-03-21,14,22,24,26,27,7,G
915,第916回,2017-03-28,17,18,23,28,30,5,G
916,第917回,2017-04-04,1,9,10,24,27,13,C
917,第918回,2017-04-11,16,20,22,27,29,30,C
918,第919回,2017-04-18,4,7,9,15,23,11,B
919,第920回,2017-04-25,5,15,22,24,25,30,C
920,第921回,2017-05-02,6,8,10,14,30,13,J
921,第922回,2017-05-09,2,13,14,21,22,7,C
922,第923回,2017-05-16,8,20,21,22,27,19,F
923,第924回,2017-05-23,2,7,8,14,23,15,H
924,第925回,2017-05-30,9,14,19,27,30,16,A
925,第926回,2017-06-06,3,9,18,27,29,26,D
926,第927回,2017-06-13,1,6,7,17,18,16,I
927,第928回,2017-06-20,4,9,11,19,23,22,E
928,第929回,2017-06-27,2,4,5,11,20,22,B
929,第930回,2017-07-04,9,14,24,25,27,16,A
930,第931回,2017-07-11,2,3,18,24,25,9,G
931,第932回,2017-07-18,1,3,14,17,19,23,J
932,第933回,2017-07-25,3,4,22,26,29,5,H
933,第934回,2017-08-01,3,7,8,11,13,4,C
934,第935回,2017-08-08,3,11,13,20,31,16,F
935,第936回,2017-08-15,7,21,23,25,31,10,D
936,第937回,2017-08-22,5,12,13,15,24,25,I
937,第938回,2017-08-29,4,9,16,21,22,1,J
938,第939回,2017-09-05,8,12,20,23,28,16,B
939,第940回,2017-09-12,4,9,25,27,28,12,G
940,第941回,2017-09-19,3,11,12,15,28,17,E
941,第942回,2017-09-26,2,7,10,22,29,17,A
942,第943回,2017-10-03,4,11,18,28,30,10,F
943,第944回,2017-10-10,5,11,13,16,27,23,H
944,第945回,2017-10-17,14,17,21,25,31,15,B
945,第946回,2017-10-24,5,14,24,28,29,20,A
946,第947回,2017-10-31,3,7,19,24,27,16,C
947,第948回,2017-11-07,3,6,12,13,22,4,D
948,第949回,2017-11-14,1,2,5,6,21,25,I
949,第950回,2017-11-21,5,8,12,14,28,1,E
950,第951回,2017-11-28,3,9,12,26,27,25,J
951,第952回,2017-12-05,4,10,15,16,18,8,B
952,第953回,2017-12-12,4,5,9,22,29,2,G
953,第954回,2017-12-19,11,16,21,23,25,18,A
954,第955回,2017-12-26,9,12,17,21,30,28,E
955,第956回,2018-01-09,6,15,18,22,29,31,H
956,第957回,2018-01-16,2,15,26,29,31,3,D
957,第958回,2018-01-23,3,10,15,17,19,20,C
958,第959回,2018-01-30,2,3,9,14,19,15,H
959,第960回,2018-02-06,2,3,5,16,20,9,G
960,第961回,2018-02-13,2,11,18,20,29,3,B
961,第962回,2018-02-20,3,10,15,18,25,27,E
962,第963回,2018-02-27,4,7,17,21,28,10,I
963,第964回,2018-03-06,16,19,27,28,30,12,J
964,第965回,2018-03-13,7,13,15,19,28,23,F
965,第966回,2018-03-20,1,11,25,26,27,30,A
966,第967回,2018-03-27,4,7,11,14,31,2,H
967,第968回,2018-04-03,1,5,10,20,24,3,D
968,第969回,2018-04-10,1,4,18,24,27,6,C
969,第970回,2018-04-17,2,4,19,27,28,7,E
970,第971回,2018-04-24,7,17,18,20,24,13,I
971,第972回,2018-05-01,13,19,21,22,27,14,G
972,第973回,2018-05-08,1,7,12,13,31,30,I
973,第974回,2018-05-15,10,18,21,24,27,30,G
974,第975回,2018-05-22,10,18,19,28,29,16,B
975,第976回,2018-05-29,2,4,15,16,19,8,J
976,第977回,2018-06-05,9,17,21,22,23,5,F
977,第978回,2018-06-12,1,8,20,26,28,7,E
978,第979回,2018-06-19,1,10,23,25,28,12,C
979,第980回,2018-06-26,8,24,27,30,31,16,A
980,第981回,2018-07-03,10,11,19,28,30,22,H
981,第982回,2018-07-10,5,8,20,22,27,24,D
982,第983回,2018-07-17,6,10,12,15,23,25,I
983,第984回,2018-07-24,2,4,5,16,27,14,A
984,第985回,2018-07-31,5,11,16,17,26,3,J
985,第986回,2018-08-07,1,21,22,25,27,28,F
986,第987回,2018-08-14,6,13,15,17,21,22,G
987,第988回,2018-08-21,1,9,11,14,21,28,E
988,第989回,2018-08-28,2,7,10,16,30,24,G
989,第990回,2018-09-04,3,9,17,23,25,13,A
990,第991回,2018-09-11,1,3,9,15,30,6,C
991,第992回,2018-09-18,1,14,17,20,31,24,B
992,第993回,2018-09-25,1,4,24,29,30,10,C
993,第994回,2018-10-02,7,8,19,27,31,26,D
994,第995回,2018-10-09,1,5,14,21,30,12,H
995,第996回,2018-10-16,9,19,20,22,26,7,F
996,第997回,2018-10-23,1,3,8,11,14,16,H
997,第998回,2018-10-30,1,7,19,20,25,27,I
998,第999回,2018-11-06,6,17,18,20,29,26,A
999,第1000回,2018-11-13,3,8,14,18,26,7,B
1000,第1001回,2018-11-20,5,12,16,22,27,18,G
1001,第1002回,2018-11-27,2,9,11,20,27,5,J
1002,第1003回,2018-12-04,11,14,15,22,29,10,F
1003,第1004回,2018-12-11,1,18,22,27,30,20,E
1004,第1005回,2018-12-18,5,13,18,26,31,11,D
1005,第1006回,2018-12-25,10,15,19,23,26,6,C
1006,第1007回,2019-01-08,2,10,11,25,31,17,F
1007,第1008回,2019-01-15,3,4,22,26,27,11,I
1008,第1009回,2019-01-22,2,8,17,23,27,4,A
1009,第1010回,2019-01-29,10,17,20,21,30,15,H
1010,第1011回,2019-02-05,9,16,21,30,31,27,G
1011,第1012回,2019-02-12,1,13,18,26,29,8,G
1012,第1013回,2019-02-19,1,6,11,19,28,8,B
1013,第1014回,2019-02-26,4,17,19,20,25,5,J
1014,第1015回,2019-03-05,3,5,6,20,25,27,C
1015,第1016回,2019-03-12,5,21,23,25,27,22,E
1016,第1017回,2019-03-19,9,16,21,23,24,8,F
1017,第1018回,2019-03-26,13,16,23,27,29,15,D
1018,第1019回,2019-04-02,5,6,16,23,24,3,B
1019,第1020回,2019-04-09,3,12,17,24,30,31,I
1020,第1021回,2019-04-16,13,19,23,25,29,8,H
1021,第1022回,2019-04-23,5,13,24,27,29,22,A
1022,第1023回,2019-04-30,2,12,22,23,26,25,G
1023,第1024回,2019-05-07,4,11,12,23,28,3,J
1024,第1025回,2019-05-14,3,4,13,19,23,18,G
1025,第1026回,2019-05-21,3,14,15,22,26,1,B
1026,第1027回,2019-05-28,5,6,17,21,27,19,C
1027,第1028回,2019-06-04,2,3,8,16,27,17,E
1028,第1029回,2019-06-11,3,4,9,11,29,5,F
1029,第1030回,2019-06-18,21,24,26,27,28,22,H
1030,第1031回,2019-06-25,5,8,17,21,23,15,D
1031,第1032回,2019-07-02,1,9,14,21,26,29,C
1032,第1033回,2019-07-09,2,12,14,24,31,22,I
1033,第1034回,2019-07-16,12,22,27,28,29,10,A
1034,第1035回,2019-07-23,3,8,11,16,31,26,G
1035,第1036回,2019-07-30,7,14,16,23,28,9,E
1036,第1037回,2019-08-06,7,19,23,24,27,17,J
1037,第1038回,2019-08-13,2,5,21,23,30,8,B
1038,第1039回,2019-08-20,4,19,22,24,30,12,H
1039,第1040回,2019-08-27,7,10,13,25,27,30,A
1040,第1041回,2019-09-03,3,9,14,15,27,31,F
1041,第1042回,2019-09-10,11,12,19,23,28,7,E
1042,第1043回,2019-09-17,7,9,23,24,25,30,D
1043,第1044回,2019-09-24,12,19,27,28,30,1,C
1044,第1045回,2019-10-01,3,5,7,10,18,16,H
1045,第1046回,2019-10-08,16,23,24,28,29,12,J
1046,第1047回,2019-10-15,8,12,19,25,26,9,I
1047,第1048回,2019-10-22,1,8,11,19,23,12,G
1048,第1049回,2019-10-29,2,16,21,26,31,27,A
1049,第1050回,2019-11-05,2,15,19,23,28,10,F
1050,第1051回,2019-11-12,7,11,12,21,22,5,B
1051,第1052回,2019-11-19,4,8,9,14,26,5,E
1052,第1053回,2019-11-26,2,3,13,16,23,14,G
1053,第1054回,2019-12-03,2,19,25,26,31,22,D
1054,第1055回,2019-12-10,1,5,18,19,21,9,H
1055,第1056回,2019-12-17,3,12,14,21,25,10,C
1056,第1057回,2020-01-07,9,13,21,23,26,1,C
1057,第1058回,2020-01-07,2,16,19,24,27,20,J
1058,第1059回,2020-01-14,2,11,13,16,18,3,I
1059,第1060回,2020-01-21,19,23,24,28,31,11,H
1060,第1061回,2020-01-28,5,10,19,23,28,9,F
1061,第1062回,2020-02-04,14,18,23,29,31,17,A
1062,第1063回,2020-02-11,10,18,20,26,27,25,D
1063,第1064回,2020-02-18,1,5,8,28,29,7,B
1064,第1065回,2020-02-25,8,11,14,16,31,10,J
1065,第1066回,2020-03-03,15,17,20,22,23,21,F
1066,第1067回,2020-03-10,2,10,13,15,28,26,E
1067,第1068回,2020-03-17,2,3,20,24,31,9,G
1068,第1069回,2020-03-24,1,3,9,14,25,20,C
1069,第1070回,2020-03-31,7,9,11,27,31,21,I
1070,第1071回,2020-04-07,2,3,4,27,31,7,H
1071,第1072回,2020-04-14,3,4,10,12,13,31,B
1072,第1073回,2020-04-21,2,13,21,24,30,14,D
1073,第1074回,2020-04-28,15,18,20,22,27,21,A
1074,第1075回,2020-05-05,4,11,13,16,31,6,C
1075,第1076回,2020-05-12,5,7,11,22,26,15,J
1076,第1077回,2020-05-19,3,17,19,25,31,4,E
1077,第1078回,2020-05-26,3,10,16,17,25,24,F
1078,第1079回,2020-06-02,2,6,14,16,26,4,G
1079,第1080回,2020-06-09,4,5,13,19,21,14,I
1080,第1081回,2020-06-16,2,3,4,24,25,8,F
1081,第1082回,2020-06-23,1,2,14,19,29,5,A
1082,第1083回,2020-06-30,1,3,19,26,29,5,B
1083,第1084回,2020-07-07,11,19,28,29,31,2,E
1084,第1085回,2020-07-14,9,10,16,17,28,13,J
1085,第1086回,2020-07-21,2,18,19,28,30,16,H
1086,第1087回,2020-07-28,1,3,4,9,16,28,E
1087,第1088回,2020-08-04,2,8,14,17,26,4,D
1088,第1089回,2020-08-11,3,13,18,19,22,29,C
1089,第1090回,2020-08-18,4,12,15,22,25,10,G
1090,第1091回,2020-08-25,1,14,25,29,31,30,A
1091,第1092回,2020-09-01,9,13,14,19,22,25,B
1092,第1093回,2020-09-08,2,12,17,23,30,8,I
1093,第1094回,2020-09-15,3,5,8,14,22,21,F
1094,第1095回,2020-09-22,4,10,16,21,24,6,G
1095,第1096回,2020-09-29,1,2,12,20,22,8,J
1096,第1097回,2020-10-06,5,12,18,19,24,16,D
1097,第1098回,2020-10-13,3,13,17,28,31,19,G
1098,第1099回,2020-10-20,1,3,5,14,23,15,H
1099,第1100回,2020-10-27,13,18,19,25,27,16,E
1100,第1101回,2020-11-03,1,8,10,12,29,13,B
1101,第1102回,2020-11-10,8,13,20,26,29,6,C
1102,第1103回,2020-11-17,1,6,7,21,31,18,A
1103,第1104回,2020-11-24,7,16,20,23,28,6,I
1104,第1105回,2020-12-01,4,11,16,21,26,9,F
1105,第1106回,2020-12-08,2,18,21,25,30,19,E
1106,第1107回,2020-12-15,7,10,16,18,29,5,J
1107,第1108回,2020-12-22,6,10,14,17,19,27,F
1108,第1109回,2020-12-29,7,15,17,26,27,8,D
1109,第1110回,2021-01-05,2,7,19,23,28,3,G
1110,第1111回,2021-01-12,2,3,4,13,31,29,D
1111,第1112回,2021-01-19,5,6,8,13,25,29,B
1112,第1113回,2021-01-26,19,20,21,26,27,12,H
1113,第1114回,2021-02-02,7,18,21,25,26,12,C
1114,第1115回,2021-02-09,2,4,6,11,29,20,E
1115,第1116回,2021-02-16,7,24,25,27,29,10,A
1116,第1117回,2021-02-23,4,13,22,27,30,19,F
1117,第1118回,2021-03-02,8,13,16,27,29,11,G
1118,第1119回,2021-03-09,9,10,12,17,18,14,I
1119,第1120回,2021-03-16,2,10,11,17,31,26,J
1120,第1121回,2021-03-23,13,19,21,24,25,16,D
1121,第1122回,2021-03-30,8,9,14,25,28,11,E
1122,第1123回,2021-04-06,7,17,26,28,29,24,B
1123,第1124回,2021-04-13,3,4,6,8,27,12,G
1124,第1125回,2021-04-20,2,6,10,14,21,18,C
1125,第1126回,2021-04-27,6,8,20,30,31,25,A
1126,第1127回,2021-05-04,8,22,24,27,28,16,E
1127,第1128回,2021-05-11,4,7,13,24,30,2,F
1128,第1129回,2021-05-18,5,9,16,29,30,12,H
1129,第1130回,2021-05-25,5,6,8,25,26,11,D
1130,第1131回,2021-06-01,6,8,11,24,29,23,I
1131,第1132回,2021-06-08,3,4,14,15,18,5,B
1132,第1133回,2021-06-15,14,17,23,28,30,7,E
1133,第1134回,2021-06-22,6,13,20,23,28,21,J
1134,第1135回,2021-06-29,7,19,21,23,28,24,G
1135,第1136回,2021-07-06,11,15,20,22,23,4,C
1136,第1137回,2021-07-13,7,8,21,25,31,14,A
1137,第1138回,2021-07-20,14,20,23,28,29,27,F
1138,第1139回,2021-07-27,12,16,17,24,31,22,E
1139,第1140回,2021-08-03,7,11,17,19,28,25,J
1140,第1141回,2021-08-10,9,12,17,18,27,22,H
1141,第1142回,2021-08-17,11,23,25,29,30,18,I
1142,第1143回,2021-08-24,3,4,16,19,27,23,D
1143,第1144回,2021-08-31,4,11,14,21,30,27,E
1144,第1145回,2021-09-07,11,14,20,28,31,12,B
1145,第1146回,2021-09-14,4,5,11,29,30,24,F
1146,第1147回,2021-09-21,6,8,23,27,29,21,G
1147,第1148回,2021-09-28,1,3,6,15,19,10,C
1148,第1149回,2021-10-05,5,12,14,15,20,7,D
1149,第1150回,2021-10-12,1,10,13,27,29,14,A
1150,第1151回,2021-10-19,14,18,21,30,31,9,J
1151,第1152回,2021-10-26,2,12,14,23,27,21,H
1152,第1153回,2021-11-02,17,25,27,29,30,15,I
1153,第1154回,2021-11-09,9,10,12,21,24,27,B
1154,第1155回,2021-11-16,1,9,13,16,19,18,F
1155,第1156回,2021-11-23,1,3,14,27,30,7,J
1156,第1157回,2021-11-30,2,6,7,13,30,17,E
1157,第1158回,2021-12-07,1,14,23,25,26,29,G
1158,第1159回,2021-12-14,11,12,14,18,31,6,G
1159,第1160回,2021-12-21,7,19,22,24,31,21,A
1160,第1161回,2021-12-28,3,9,13,17,24,29,C
1161,第1162回,2022-01-04,2,21,23,24,29,11,D
1162,第1163回,2022-01-11,2,9,11,22,29,3,H
1163,第1164回,2022-01-18,4,9,19,26,31,25,I
1164,第1165回,2022-01-25,5,13,16,27,31,24,B
1165,第1166回,2022-02-01,6,11,14,17,25,24,F
1166,第1167回,2022-02-08,2,14,21,27,30,23,J
1167,第1168回,2022-02-15,5,13,14,24,31,2,D
1168,第1169回,2022-02-22,1,7,9,21,27,13,C
1169,第1170回,2022-03-01,2,16,18,20,28,29,E
1170,第1171回,2022-03-08,1,3,6,16,23,31,G
1171,第1172回,2022-03-15,11,24,26,28,29,22,I
1172,第1173回,2022-03-22,3,4,13,16,27,9,A
1173,第1174回,2022-03-29,5,6,21,29,30,27,H
1174,第1175回,2022-04-05,1,7,15,16,29,2,B
1175,第1176回,2022-04-12,1,12,20,27,29,17,D
1176,第1177回,2022-04-19,3,10,16,21,30,7,J
1177,第1178回,2022-04-26,1,5,9,13,22,31,F
1178,第1179回,2022-05-03,18,19,20,25,30,27,A
1179,第1180回,2022-05-10,13,15,16,26,29,27,C
1180,第1181回,2022-05-17,2,9,13,16,22,15,G
1181,第1182回,2022-05-24,7,10,20,22,28,21,E
1182,第1183回,2022-05-31,3,7,9,14,15,23,I
1183,第1184回,2022-06-07,5,8,12,19,27,15,G
1184,第1185回,2022-06-14,1,14,16,17,22,4,H
1185,第1186回,2022-06-21,9,13,15,24,28,17,B
1186,第1187回,2022-06-28,3,5,6,11,23,16,D
1187,第1188回,2022-07-05,2,25,26,29,31,6,I
1188,第1189回,2022-07-12,6,7,16,17,22,9,A
1189,第1190回,2022-07-19,3,20,23,24,28,29,A
1190,第1191回,2022-07-26,11,16,20,25,26,7,F
1191,第1192回,2022-08-02,4,10,11,22,31,28,J
1192,第1193回,2022-08-09,1,4,8,11,20,15,E
1193,第1194回,2022-08-16,3,5,7,18,20,30,J
1194,第1195回,2022-08-23,3,10,11,13,14,4,G
1195,第1196回,2022-08-30,1,5,17,19,23,26,C
1196,第1197回,2022-09-06,7,9,17,26,27,24,H
1197,第1198回,2022-09-13,10,11,17,30,31,1,J
1198,第1199回,2022-09-20,6,13,19,23,28,10,B
1199,第1200回,2022-09-27,2,16,18,22,24,4,I
1200,第1201回,2022-10-04,1,2,16,23,30,8,D
1201,第1202回,2022-10-11,4,5,15,27,30,12,A
1202,第1203回,2022-10-18,4,7,8,12,19,23,F
1203,第1204回,2022-10-25,5,10,12,18,20,4,E
1204,第1205回,2022-11-01,11,12,16,24,28,20,G
1205,第1206回,2022-11-08,7,9,12,14,30,19,C
1206,第1207回,2022-11-15,2,8,14,25,28,7,J
1207,第1208回,2022-11-22,5,10,15,16,27,26,H
1208,第1209回,2022-11-29,12,14,17,27,28,29,A
1209,第1210回,2022-12-06,14,26,27,30,31,10,B
1210,第1211回,2022-12-13,4,8,16,25,26,12,D
1211,第1212回,2022-12-20,14,19,23,30,31,26,E
1212,第1213回,2022-12-27,17,21,23,25,26,6,I
1213,第1214回,2023-01-10,5,9,10,19,26,2,F
1214,第1215回,2023-01-17,1,2,3,5,20,6,B
1215,第1216回,2023-01-24,10,12,18,25,28,13,J
1216,第1217回,2023-01-31,8,10,14,20,25,30,G
1217,第1218回,2023-02-07,1,3,4,7,11,16,E
1218,第1219回,2023-02-14,9,10,13,21,29,11,F
1219,第1220回,2023-02-21,2,5,11,12,30,16,C
1220,第1221回,2023-02-28,4,11,13,21,26,19,H
1221,第1222回,2023-03-07,4,18,23,26,28,7,A
1222,第1223回,2023-03-14,1,11,21,26,31,25,D
1223,第1224回,2023-03-21,1,5,8,11,22,14,J
1224,第1225回,2023-03-28,1,7,15,29,31,19,I
1225,第1226回,2023-04-04,2,5,13,18,21,4,J
1226,第1227回,2023-04-11,1,5,11,20,26,14,B
1227,第1228回,2023-04-18,1,4,18,19,26,22,F
1228,第1229回,2023-04-25,1,5,7,12,27,26,E
1229,第1230回,2023-05-02,4,18,21,22,23,28,G
1230,第1231回,2023-05-09,1,14,20,21,31,5,C
1231,第1232回,2023-05-16,4,5,17,27,29,6,H
1232,第1233回,2023-05-23,3,8,17,19,23,22,J
1233,第1234回,2023-05-30,4,14,15,27,28,22,A
1234,第1235回,2023-06-06,8,12,17,22,28,5,D
1235,第1236回,2023-06-13,1,18,19,30,31,29,I
1236,第1237回,2023-06-20,2,9,10,25,31,18,E
1237,第1238回,2023-06-27,13,16,19,21,25,29,A
1238,第1239回,2023-07-04,7,9,11,18,30,1,J
1239,第1240回,2023-07-11,13,15,20,27,30,6,C
1240,第1241回,2023-07-18,1,2,3,7,27,11,H
1241,第1242回,2023-07-25,5,7,18,19,27,29,H
1242,第1243回,2023-08-01,2,4,13,15,20,24,J
1243,第1244回,2023-08-08,2,6,9,11,19,22,B
1244,第1245回,2023-08-15,10,11,16,29,30,19,G
1245,第1246回,2023-08-22,16,17,20,21,28,18,F
1246,第1247回,2023-08-29,9,15,23,26,30,19,D
1247,第1248回,2023-09-05,2,4,5,14,25,24,I
1248,第1249回,2023-09-12,7,9,11,14,21,27,B
1249,第1250回,2023-09-19,2,12,13,19,23,27,C
1250,第1251回,2023-09-26,3,4,5,30,31,17,A
1251,第1252回,2023-10-03,1,4,11,25,30,10,E
1252,第1253回,2023-10-10,1,11,17,19,25,28,H
1253,第1254回,2023-10-17,1,5,12,17,28,14,J
1254,第1255回,2023-10-24,2,3,4,17,23,12,E
1255,第1256回,2023-10-31,7,8,14,19,21,23,I
1256,第1257回,2023-11-07,8,13,19,22,24,21,D
1257,第1258回,2023-11-14,3,6,12,19,30,13,B
1258,第1259回,2023-11-21,1,13,17,18,22,25,G
1259,第1260回,2023-11-28,2,4,14,21,29,12,F
1260,第1261回,2023-12-05,19,21,25,29,31,7,E
1261,第1262回,2023-12-12,11,16,18,19,29,31,C
1262,第1263回,2023-12-19,1,2,15,25,28,5,A
1263,第1264回,2023-12-26,2,7,10,22,27,24,H
1264,第1265回,2024-01-09,8,9,11,15,31,17,J
1265,第1266回,2024-01-16,1,16,22,23,31,18,D
1266,第1267回,2024-01-23,13,15,18,20,29,17,I
1267,第1268回,2024-01-30,9,11,14,22,29,31,A
1268,第1269回,2024-02-06,5,10,16,20,21,14,G
1269,第1270回,2024-02-13,2,7,16,19,26,20,B
1270,第1271回,2024-02-20,16,17,19,22,23,24,F
1271,第1272回,2024-02-27,3,7,14,21,30,13,G
1272,第1273回,2024-03-05,7,18,20,22,23,5,C
1273,第1274回,2024-03-12,1,7,8,10,14,18,G
1274,第1275回,2024-03-19,6,11,12,13,14,5,E
1275,第1276回,2024-03-26,4,9,13,16,31,27,H
1276,第1277回,2024-04-02,2,13,18,22,28,30,B
1277,第1278回,2024-04-09,3,10,19,21,31,29,J
1278,第1279回,2024-04-16,1,14,18,22,28,26,D
1279,第1280回,2024-04-23,7,9,14,17,20,13,A
